{
    "rmse": 0.41983707985275875,
    "mae": 0.3704938252011008,
    "r2": 0.2949224172390449
}